<yaf>
	<animations> 
	<animation id="moveProng" span="0.5" type="linear">
				<controlpoint xx="0" yy="3.5" zz="0" />
                <controlpoint xx="0" yy="0" zz="0" />
       
                
                
    </animation>
    <animation id="movePod" span="0.5" type="linear"> 
				
				<controlpoint xx="-1.5  "   zz="-1.5 " yy="  0   " />
				<controlpoint xx="-1.45 "   zz="-1.45" yy="  0.2" />
				<controlpoint xx="-1.4  "   zz="-1.4  " yy="  0.35" />
				<controlpoint xx="-1.3  "   zz="-1.3  " yy="  0.7 " />
				<controlpoint xx="-1.2  "   zz="-1.2  " yy="  1.05" />
				<controlpoint xx="-1.1  "   zz="-1.1  " yy="  1.4 " />
				<controlpoint xx="-1.0  "   zz="-1.0  " yy="  1.75" />
				<controlpoint xx="-0.9  "   zz="-0.9  " yy="  2.1 " />
				<controlpoint xx="-0.8  "   zz="-0.8  " yy="  2.45" />
				<controlpoint xx="-0.75 "   zz="-0.75" yy="  2.5 " />
				<controlpoint xx="-0.7  "   zz="-0.7  " yy="  2.45" />
				<controlpoint xx="-0.6  "   zz="-0.6  " yy="  2.1 " />
				<controlpoint xx="-0.5  "   zz="-0.5  " yy="  1.75" />
				<controlpoint xx="-0.4  "   zz="-0.4  " yy="  1.4 " />
				<controlpoint xx="-0.3  "   zz="-0.3  " yy="  1.05" />
				<controlpoint xx="-0.2  "   zz="-0.2  " yy="  0.70" />
				<controlpoint xx="-0.1  "   zz="-0.1  " yy="  0.35" /> 
                <controlpoint xx="0.0  "   zz="0.0  " yy="  0   " />
    </animation>       
    </animations>





	<globals background="0 0 0 1" drawmode="fill" shading="flat" cullface="none" cullorder="CCW" />

	<cameras initial="camMenu" >
		<perspective id="camTabuleiro" near="0" far="30" angle="0" pos="0 20 0" target="0 0 0" /> 
		<perspective id="camMenu" near="0" far="1000" angle="90" pos="50 20 0.1" target="50 0 0" /> 
		<perspective id="camRegras" near="0" far="1000" angle="90" pos="100 20 0.1" target="100 0 0" />
		<perspective id="camComputador" near="0" far="1000" angle="90" pos="150 20 0.1" target="150 0 0" />
		<perspective id="camVencedor" near="0" far="1000" angle="90" pos="200 20 0.1" target="200 0 0" />

		<perspective id="camJogadorVermelho" near="0" far="1000" angle="90" pos="-15 10 0" target="5 0 0" /> 
		<perspective id="camJogadorAzul" near="0" far="1000" angle="-90" pos="15 10 0" target="0 0 0" /> 
	 
	</cameras>


	<lighting doublesided="false" local="false" enabled="true" ambient="0.6 0.6 0.6 1">
			<omni id="menu1" enabled="true" 
                location="50 10 0" 
                ambient="0 0 0 1" 
                diffuse="1 1 1 1" 
                specular="1 1 1 1" 
            /> 
             

            <omni id="tabuleiro1" enabled="true" 
                location="0 2 0" 
                ambient="0 0 0 1" 
                diffuse="0.5 0.5 0.5 1" 
                specular="0.5 0.5 0.5 1" 
            /> 

            <omni id="tabuleirol1" enabled="true" 
                location="0 1.5 -7" 
                ambient="0 0 0 0" 
                diffuse="0.5 0.5 0.5 1" 
                specular="0.5 0.5 0.5 1" 
            /> 

            <omni id="tabuleirol2" enabled="true" 
                location="0 1.5 7" 
                ambient="0 0 0 0" 
                diffuse="0.5 0.5 0.5 1" 
                specular="0.5 0.5 0.5 1" 
            /> 

             <omni id="tabuleirofrente" enabled="true" 
                location="7 1.5 0" 
                ambient="0 0 0 0" 
                diffuse="0.5 0.5 0.5 1" 
                specular="0.5 0.5 0.5 1" 
            /> 

             <omni id="tabuleiroltras" enabled="true" 
                location="-7 1.5 0" 
                ambient="0 0 0 0" 
                diffuse="0.5 0.5 0.5 1" 
                specular="0.5 0.5 0.5 1" 
            /> 
               <!--

            <omni id="light2" enabled="true" 
                 location="-25 15 0" 
                ambient="0.1 0.5 0.5 1" 
                diffuse="0.5 0.6 0.8 1" 
                specular="0.2 0.2 0.3 1" 
            /> 
			
            <omni id="light4" enabled="true" 
                location="0 1 15" 
                ambient="0.1 0.5 0.5 1" 
                diffuse="0.5 0.6 0.8 1" 
                specular="0.2 0.2 0.3 1" 
            /> 
            <omni id="light5" enabled="true" 
                location="0 5 0" 
                ambient="1 1 1 1" 
                diffuse="1 1 1 1" 
                specular="1 1 1 1" 
            /> 
         
            <omni id="light5" enabled="true" 
                location="0 1 -15" 
                ambient="0.1 0.03 0.03 0.03" 
                diffuse="0.5 0.6 0.8 1" 
                specular="0.2 0.2 0.3 1" 
            /> 
            
			<spot id="light10" enabled="true" 
                location="105 30 0" 
                ambient="0.1 0.2 0.3 0.5" 
                diffuse="0.5 0.6 0.8 1" 
                specular="0.2 0.2 0.3 1" 
                angle="4" 
                exponent="2" 
                direction="100 0 0" 
            /> 
        -->
    </lighting> 

	<textures>
		<texture id="cbble_bg" file="textures/cobble/bg_cobble.jpg"/>
		<texture id="cbble_celula" file="textures/cobble/cbble_celula.jpg" />
		<texture id="cbble_octi" file="textures/cobble/cbble_celula_octi.jpg" />
		<texture id="cbble_red" file="textures/cobble/cbble_peca_vermelha.jpg"/>
		<texture id="cbble_blue" file="textures/cobble/cbble_peca_azul.jpg"/>
		<texture id="cbble_highlight" file="textures/cobble/cobble_celula_hl.jpg"/>
		<texture id="cbble_peca_highlight" file="textures/cobble/cbble_peca_hl.jpg"/>
		<texture id="cbble_haste" file="textures/cobble/cbble_haste.jpg"/>

		<texture id="forest" file="textures/forest/bg_forest.png"/>
		<texture id="forest_celula" file="textures/forest/forest_celula.png" />
		<texture id="forest_octi" file="textures/forest/forest_octi.png" />
		<texture id="forest_red" file="textures/forest/forest_peca_vermelha.png"/>
		<texture id="forest_blue" file="textures/forest/forest_peca_azul.png"/>
		<texture id="forest_highlight" file="textures/forest/forest_celula_hl.png"/>
		<texture id="forest_peca_highlight" file="textures/forest/forest_peca_hl.png"/>
		<texture id="forest_haste" file="textures/forest/forest_haste.jpg"/>

		<texture id="teste" file="textures/teste_triangulo.jpg"/>
		<texture id="board" file="textures/board.jpg"/>
		<texture id="rr" file="textures/black.png"/>

		
		<texture id="casaocti1" file="textures/black.png" />
		<texture id="table" file="textures/table.png" />
		<texture id="red" file="textures/pecavermelha.png"/>
		<texture id="blue" file="textures/pecaazul.png"/>
		<texture id="copo" file="textures/cobble/bg_cobble.jpg"/>
		<texture id="tampaCaixa" file="textures/tampaCaixa.png"/>
		<texture id="selected" file= "textures/orange.png"/>
		<texture id="copo" file="textures/copo.png"/>
		<texture id="menu" file="textures/menuInicial.jpg" />
		<texture id="regras" file="textures/menu_regras.jpg" />
		<texture id="menuComputador" file="textures/menuComputador.jpg"/>
		<texture id="jogador1Venceu" file="textures/menuJogador1Venceu.jpg"/>
		<texture id="jogador2Venceu" file="textures/menuJogador2Venceu.jpg"/>
		<texture id="computadorVenceu" file="textures/menuComputadorVenceu.jpg"/>
		<texture id="vidal" file="textures/rmv.jpg" />



	</textures>

	<appearances>
		<!--MENUS -->
				<appearance id="appJ1Venceu"
					emissive="1 1 1 1"
					ambient="1 1 1 1"
					diffuse="1 1 1 1"
					specular="1 1 1 1"
					shininess="1"
					textureref="jogador1Venceu"
					texlength_s="1"
					texlength_t="1"
		        />
		        <appearance id="appJ2Venceu"
					emissive="1 1 1 1"
					ambient="1 1 1 1"
					diffuse="1 1 1 1"
					specular="1 1 1 1"
					shininess="1"
					textureref="jogador2Venceu"
					texlength_s="1"
					texlength_t="1"
		        />
		        <appearance id="appComputadorVenceu"
					emissive="1 1 1 1"
					ambient="1 1 1 1"
					diffuse="1 1 1 1"
					specular="1 1 1 1"
					shininess="1"
					textureref="computadorVenceu"
					texlength_s="1"
					texlength_t="1"
		        />
		        <appearance id="appBoard"
					emissive="1 1 1 1"
					ambient="1 1 1 1"
					diffuse="1 1 1 1"
					specular="1 1 1 1"
					shininess="1"
					textureref="board"
					texlength_s="1"
					texlength_t="1"
		        />
		         <appearance id="appRR"
					emissive="1 1 1 1"
					ambient="1 1 1 1"
					diffuse="1 1 1 1"
					specular="1 1 1 1"
					shininess="1"
					textureref="rr"
					texlength_s="1"
					texlength_t="1"
		        />
				<appearance id="appMenu"
					emissive="1 1 1 1"
					ambient="1 1 1 1"
					diffuse="1 1 1 1"
					specular="1 1 1 1"
					shininess="1"
					textureref="menu"
					texlength_s="1"
					texlength_t="1"
		        />
		        <appearance id="appMenuComputador"
					emissive="1 1 1 1"
					ambient="1 1 1 1"
					diffuse="1 1 1 1"
					specular="1 1 1 1"
					shininess="1"
					textureref="menuComputador"
					texlength_s="1"
					texlength_t="1"
		        />
		        <appearance id="appMenuRegras"
					emissive="1 1 1 1"
					ambient="1 1 1 1"
					diffuse="1 1 1 1"
					specular="1 1 1 1"
					shininess="1"
					textureref="regras"
					texlength_s="1"
					texlength_t="1"
		        />
        <!-- FOREST THEME -->
		        <appearance id="bg_Forest"
					emissive="1 1 1 1" 
		        	ambient="1 1 1 1" 
		        	diffuse="1 1 1 1"  
		        	specular="1 1 1 1" 
					shininess="1"
					textureref="forest"
					texlength_s="1"
					texlength_t="1"
		        />

		         <appearance id="forest_hl_peca"
					emissive="1 1 1 1"
					ambient="1 1 1 1"
					diffuse="1 1 1 1"
					specular="1 1 1 1"
					shininess="1"
					textureref="forest_peca_highlight"
					texlength_s="1"
					texlength_t="1"
		        />

		         <appearance id="forest_celula"
					emissive="1 1 1 1"
					ambient="1 1 1 1"
					diffuse="1 1 1 1"
					specular="1 1 1 1"
					shininess="1"
					textureref="forest_celula"
					texlength_s="1"
					texlength_t="1"
		        />

		        <appearance id="forest_casa_octi"
					emissive="1 1 1 1"
					ambient="1 1 1 1"
					diffuse="1 1 1 1"
					specular="1 1 1 1"
					shininess="1"
					textureref="forest_octi"
					texlength_s="1"
					texlength_t="1"
				/>

				<appearance id="forest_highlight"
					emissive="1 1 1 1"
					ambient="1 1 1 1"
					diffuse="1 1 1 1"
					specular="1 1 1 1"
					shininess="1"
					textureref="forest_highlight"
					texlength_s="1"
					texlength_t="1"
		        />
		        <appearance id="forest_red"
					emissive="1 1 1 1"
					ambient="1 1 1 1"
					diffuse="1 1 1 1"
					specular="1 1 1 1"
					shininess="1"
					textureref="forest_red"
					texlength_s="1"
					texlength_t="1"
		        />
		        <appearance id="forest_blue"
					emissive="1 1 1 1"
					ambient="1 1 1 1"
					diffuse="1 1 1 1"
					specular="1 1 1 1"
					shininess="1"
					textureref="forest_blue"
					texlength_s="1"
					texlength_t="1"
		        />

		<!-- COBBLE THEME -->
				<appearance id="bg_Cobble"
					emissive="1 1 1 1" 
		        	ambient="1 1 1 1" 
		        	diffuse="1 1 1 1" 
		        	specular="1 1 1 1" 
					shininess="1"
					textureref="cbble_bg"
					texlength_s="1"
					texlength_t="1"
		        />

		         <appearance id="cbble_hl_peca"
					emissive="1 1 1 1"
					ambient="1 1 1 1"
					diffuse="1 1 1 1"
					specular="1 1 1 1"
					shininess="1"
					textureref="cbble_peca_highlight"
					texlength_s="1"
					texlength_t="1"
		        />

		        <appearance id="cbble_celula"
					emissive="1 1 1 1"
					ambient="1 1 1 1"
					diffuse="1 1 1 1"
					specular="1 1 1 1"
					shininess="1"
					textureref="cbble_celula"
					texlength_s="1"
					texlength_t="1"
		        />

		        <appearance id="cbble_octi"
					emissive="1 1 1 1"
					ambient="1 1 1 1"
					diffuse="1 1 1 1"
					specular="1 1 1 1"
					shininess="1"
					textureref="cbble_octi"
					texlength_s="1"
					texlength_t="1"
				/>

				<appearance id="cbble_highlight"
					emissive="1 1 1 1"
					ambient="1 1 1 1"
					diffuse="1 1 1 1"
					specular="1 1 1 1"
					shininess="1"
					textureref="cbble_highlight"
					texlength_s="1"
					texlength_t="1"
		        />

				
		        <appearance id="appPecaVermelha"
					emissive="1 1 1 1"
					ambient="1 1 1 1"
					diffuse="1 1 1 1"
					specular="1 1 1 1"
					shininess="1"
					textureref="cbble_red"
					texlength_s="1"
					texlength_t="1"
		        />
		        <appearance id="appPecaAzul"
					emissive="1 1 1 1"
					ambient="1 1 1 1"
					diffuse="1 1 1 1"
					specular="1 1 1 1"
					shininess="1"
					textureref="cbble_blue"
					texlength_s="1"
					texlength_t="1"
		        />
		        <appearance id="cbble_appPecaVermelha"
					emissive="1 1 1 1"
					ambient="1 1 1 1"
					diffuse="1 1 1 1"
					specular="1 1 1 1"
					shininess="1"
					textureref="cbble_red"
					texlength_s="1"
					texlength_t="1"
		        />
		        <appearance id="cbble_appPecaAzul"
					emissive="1 1 1 1"
					ambient="1 1 1 1"
					diffuse="1 1 1 1"
					specular="1 1 1 1"
					shininess="1"
					textureref="cbble_blue"
					texlength_s="1"
					texlength_t="1"
		        />
       
        <!-- OUTROS -->
		 <appearance id="appNormal"
			emissive="1 1 1 1"
			ambient="1 1 1 1"
			diffuse="1 1 1 1"
			specular="1 1 1 1"
			shininess="1"
			textureref="cbble_celula"
			texlength_s="2"
			texlength_t="2"
        />

        <appearance id="appSelected"
			emissive="1 1 1 1"
			ambient="1 1 1 1"
			diffuse="1 1 1 1"
			specular="1 1 1 1"
			shininess="1"
			textureref="cbble_highlight"
			texlength_s="1"
			texlength_t="1"
        />

        <appearance id="appEsconde"
			emissive="0 0 0 0"
			ambient="0 0 0 0"
			diffuse="0 0 0 0"
			specular="0 0 0 0"
			shininess="1"
			textureref="vidal"
			texlength_s="1"
			texlength_t="1"
		/>

        <appearance id="appOcti"
			emissive="1 1 1 1"
			ambient="1 1 1 1"
			diffuse="1 1 1 1"
			specular="1 1 1 1"
			shininess="1"
			textureref="cbble_octi"
			texlength_s="1"
			texlength_t="1"
		/>

		<appearance id="appMotivadora"
			emissive="1 1 1 1"
			ambient="1 1 1 1"
			diffuse="1 1 1 1"
			specular="1 1 1 1"
			shininess="1"
			textureref="vidal"
			texlength_s="1"
			texlength_t="1"
        />
		
		 <appearance id="appHighlightPeca"
			emissive="1 1 1 1"
			ambient="1 1 1 1"
			diffuse="1 1 1 1"
			specular="1 1 1 1"
			shininess="1"
			textureref="cbble_peca_highlight"
			texlength_s="1"
			texlength_t="1"
        />
		
		<appearance id="appTable"
			emissive="1 1 1 1"
			ambient="1 1 1 1"
			diffuse="1 1 1 1"
			specular="1 1 1 1"
			shininess="1"
			textureref="table"
			texlength_s="2"
			texlength_t="2"
        />
         
        <appearance id="appCopo"
			emissive="1 1 1 1"
			ambient="1 1 1 1"
			diffuse="1 1 1 1"
			specular="1 1 1 1"
			shininess="1"
			textureref="cbble_haste"
			texlength_s="1"
			texlength_t="1"
        />
        <appearance id="appTampaCaixaProngs"
			emissive="1 1 1 1"
			ambient="1 1 1 1"
			diffuse="1 1 1 1"
			specular="1 1 1 1"
			shininess="1"
			textureref="tampaCaixa"
			texlength_s="2"
			texlength_t="2"
        />
	</appearances>

	<graph rootid="octi">
		
		<node id="octi">
			<transforms>
			</transforms>
			<children>
				<noderef id="menus"/>
				<noderef id="tabuleiro"/>
				<noderef id="pods"/>
				<noderef id="prongs"/>
				<noderef id="envolvente"/>
				<noderef id="quadro"/>
				<noderef id="quadrodummie"/>
				<noderef id="cache"/>
				
				<!-- <noderef id="chao"/> -->
			</children>
		</node>

		<node id="cache">
			<transforms>
				<translate to="30 0 0"/>
				<scale factor="3 100 100"/>
			</transforms>
			<appearanceref id="appEsconde"/>
			<children>
				<noderef id="cube"/>
			</children>
		</node>


		<node id="quadro">
			<transforms>
				<translate to="0 4 7.5"/>
				<scale factor="5 3 0.1"/>
			</transforms>
			<appearanceref id="appBoard"/>
			<children>
				<noderef id="cube"/>
			</children>
		</node>
		<node id="quadrodummie">
			<transforms>
				<translate to="0 4 7.65"/>
				<scale factor="5 3 0.2"/>
			</transforms>
			<appearanceref id="appRR"/>
			<children>
				<noderef id="cube"/>
			</children>
		</node>

		<node id="envolvente">
			<transforms>
				<scale factor="50 50 50"/>
			</transforms>
			<appearanceref id="bg_Forest"/>
			<children>
				<noderef id="cube"/>
			</children>
		</node>

		<node id="menus">
			<transforms>
			</transforms>
			<children>
				<noderef id="menuInicial"/>
				<noderef id="menuRegras"/>
				<noderef id="menuComputador"/>
				<noderef id="menuVitoria"/>
				<noderef id="menuRegras_opcao1"/>
				<noderef id="menuInicial_opcao1"/>
				<noderef id="menuInicial_opcao2"/>
				<noderef id="menuInicial_opcao3"/>
				<noderef id="menuInicial_opcao4"/>
				<noderef id="menuComputador_opcao1"/>
				<noderef id="menuComputador_opcao2"/>
				<noderef id="menuComputador_opcao3"/>
				<noderef id="menuComputador_opcao4"/>
				<noderef id="menuVitoria_opcao1"/>
				<noderef id="menuVitoria_opcao2"/>
			</children>
		</node>


		<node id="menuVitoria_opcao1" pickingid="541">
			<transforms>
				<translate to="4.2 0 3.8"/>
				<translate to="200 -1 0"/>
				<rotate axis="y" angle="90"/>
				<scale factor="1.5 1 5"/>
				<rotate axis="y" angle="-90"/>
				<rotate axis="x" angle="-90"/>
			</transforms>
			<appearanceref id="appMotivadora"/>
			<children>
				<rectangle xy1="-0.75 -0.75" xy2="0.75 0.75" />
			</children>
		</node>

		<node id="menuVitoria_opcao2" pickingid="542">
			<transforms>
				<translate to="-4.2 0 3.8"/>
				<translate to="200 -1 0"/>
				<rotate axis="y" angle="90"/>
				<scale factor="1.5 1 5"/>
				<rotate axis="y" angle="-90"/>
				<rotate axis="x" angle="-90"/>
			</transforms>
			<appearanceref id="appMotivadora"/>
			<children>
				<rectangle xy1="-0.75 -0.75" xy2="0.75 0.75" />
			</children>
		</node>

		<node id="menuComputador_opcao1" pickingid="521">
			<transforms>
				<translate to="-5.5 0 -4"/>
				<translate to="150 -1 0"/>
				<rotate axis="y" angle="90"/>
				<scale factor="1.5 1 5"/>
				<rotate axis="y" angle="-90"/>
				<rotate axis="x" angle="-90"/>
			</transforms>
			<appearanceref id="appMotivadora"/>
			<children>
				<rectangle xy1="-0.75 -0.75" xy2="0.75 0.75" />
			</children>
		</node>

		<node id="menuComputador_opcao2" pickingid="522">
			<transforms>
				<translate to="-5.5 0 -1.5"/>
				<translate to="150 -1 0"/>
				<rotate axis="y" angle="90"/>
				<scale factor="1.5 1 5"/>
				<rotate axis="y" angle="-90"/>
				<rotate axis="x" angle="-90"/>
			</transforms>
			<appearanceref id="appMotivadora"/>
			<children>
				<rectangle xy1="-0.75 -0.75" xy2="0.75 0.75" />
			</children>
		</node>
		<node id="menuComputador_opcao3" pickingid="523">
			<transforms>
				<translate to="-5.5 0 1.5"/>
				<translate to="150 -1 0"/>
				<rotate axis="y" angle="90"/>
				<scale factor="1.5 1 5"/>
				<rotate axis="y" angle="-90"/>
				<rotate axis="x" angle="-90"/>
			</transforms>
			<appearanceref id="appMotivadora"/>
			<children>
				<rectangle xy1="-0.75 -0.75" xy2="0.75 0.75" />
			</children>
		</node>
		<node id="menuComputador_opcao4" pickingid="524">
			<transforms>
				<translate to="-5.5 0 4"/>
				<translate to="150 -1 0"/>
				<rotate axis="y" angle="90"/>
				<scale factor="1.5 1 5"/>
				<rotate axis="y" angle="-90"/>
				<rotate axis="x" angle="-90"/>
			</transforms>
			<appearanceref id="appMotivadora"/>
			<children>
				<rectangle xy1="-0.75 -0.75" xy2="0.75 0.75" />
			</children>
		</node>

		<node id="menuRegras_opcao1" pickingid="511">
			<transforms>
				<translate to="-4.8 0 4.5"/>
				<translate to="100 -1 0"/>
				<rotate axis="y" angle="90"/>
				<scale factor="1.5 1 5"/>
				<rotate axis="y" angle="-90"/>
				<rotate axis="x" angle="-90"/>
			</transforms>
			<appearanceref id="appMotivadora"/>
			<children>
				<rectangle xy1="-0.75 -0.75" xy2="0.75 0.75" />
			</children>
		</node>

		<node id="menuInicial_opcao1" pickingid="501">
			<transforms>
				<translate to="7.5 0 -4"/>
				<translate to="50 -1 0"/>
				<rotate axis="y" angle="90"/>
				<scale factor="1.5 1 5"/>
				<rotate axis="y" angle="-90"/>
				<rotate axis="x" angle="-90"/>
			</transforms>
			<appearanceref id="appMotivadora"/>
			<children>
				<rectangle xy1="-0.75 -0.75" xy2="0.75 0.75" />
			</children>
		</node>

		<node id="menuInicial_opcao2" pickingid="502">
			<transforms>
				<translate to="7.5 0 -1.5"/>
				<translate to="50 -1 0"/>
				<rotate axis="y" angle="90"/>
				<scale factor="1.5 1 5"/>
				<rotate axis="y" angle="-90"/>
				<rotate axis="x" angle="-90"/>
			</transforms>
			<appearanceref id="appMotivadora"/>
			<children>
				<rectangle xy1="-0.75 -0.75" xy2="0.75 0.75" />
			</children>
		</node>
		<node id="menuInicial_opcao3" pickingid="503">
			<transforms>
				<translate to="7.5 0 1.5"/>
				<translate to="50 -1 0"/>
				<rotate axis="y" angle="90"/>
				<scale factor="1.5 1 5"/>
				<rotate axis="y" angle="-90"/>
				<rotate axis="x" angle="-90"/>
			</transforms>
			<appearanceref id="appMotivadora"/>
			<children>
				<rectangle xy1="-0.75 -0.75" xy2="0.75 0.75" />
			</children>
		</node>
		<node id="menuInicial_opcao4" pickingid="504">
			<transforms>
				<translate to="7.5 0 4"/>
				<translate to="50 -1 0"/>
				<rotate axis="y" angle="90"/>
				<scale factor="1.5 1 5"/>
				<rotate axis="y" angle="-90"/>
				<rotate axis="x" angle="-90"/>
			</transforms>
			<appearanceref id="appMotivadora"/>
			<children>
				<rectangle xy1="-0.75 -0.75" xy2="0.75 0.75" />
			</children>
		</node>

		<node id="menuVitoria">
			<transforms>		
				<translate to="200 0 0"/>
				<rotate axis="y" angle="90"/>
				<scale factor="10 1 20"/>
				<rotate axis="y" angle="-90"/>
				<rotate axis="x" angle="-90"/>
			</transforms>
			<appearanceref id="appJ1Venceu"/>
			<children>
				<rectangle xy1="-0.75 -0.75" xy2="0.75 0.75" />
			</children>
		</node>

		<node id="menuComputador">
			<transforms>		
				<translate to="150 0 0"/>
				<rotate axis="y" angle="90"/>
				<scale factor="10 1 20"/>
				<rotate axis="y" angle="-90"/>
				<rotate axis="x" angle="-90"/>
			</transforms>
			<appearanceref id="appMenuComputador"/>
			<children>
				<rectangle xy1="-0.75 -0.75" xy2="0.75 0.75" />
			</children>
		</node>

		<node id="menuInicial">
			<transforms>		
				<translate to="50 0 0"/>
				<rotate axis="y" angle="90"/>
				<scale factor="10 1 20"/>
				<rotate axis="y" angle="-90"/>
				<rotate axis="x" angle="-90"/>
			</transforms>
			<appearanceref id="appMenu"/>
			<children>
				<rectangle xy1="-0.75 -0.75" xy2="0.75 0.75" />
			</children>
		</node>

		<node id="menuRegras">
			<transforms>		
				<translate to="100 0 0"/>
				<rotate axis="y" angle="90"/>
				<scale factor="10 1 20"/>
				<rotate axis="y" angle="-90"/>
				<rotate axis="x" angle="-90"/>
			</transforms>
			<appearanceref id="appMenuRegras"/>
			<children>
				<rectangle xy1="-0.75 -0.75" xy2="0.75 0.75" />
			</children>
		</node>


		<node id="chao">
			<transforms>
				<rotate axis="x" angle="-90"/>
				<scale factor="100 100 100"/>
			</transforms>
			<appearanceref id="appNormal"/>
			<children>
				<rectangle xy1="-0.75 -0.75" xy2="0.75 0.75" />
			</children>
		</node>

		<node id="prongs">
			<transforms>
			</transforms>
			<children>

				<noderef id="adicionarProngAzul"/>
				<noderef id="adicionarProngVermelho"/>
			</children>
		</node>


		<node id="adicionarProngVermelho">
			<transforms>
				<rotate axis="y" angle="22.5"/>	
				<translate to="-0.25 0 -9"/>
				<scale factor="4 1 4"/>
				<rotate axis="y" angle="180"/>
			</transforms>
			<children>
				<noderef id="tr_pick1"/>
				<noderef id="tr_pick2"/>
				<noderef id="tr_pick3"/>
				<noderef id="tr_pick4"/>
				<noderef id="tr_pick5"/>
				<noderef id="tr_pick6"/>
				<noderef id="tr_pick7"/>
				<noderef id="tr_pick8"/>
			</children>
		</node>

		<node id="adicionarProngAzul">
			<transforms>
				<rotate axis="y" angle="22.5"/>	
				<translate to="0.25 0 9"/>
				<scale factor="4 1 4"/>
			</transforms>
			<children>
				<noderef id="tr_pick_a_1"/>
				<noderef id="tr_pick_a_2"/>
				<noderef id="tr_pick_a_3"/>
				<noderef id="tr_pick_a_4"/>
				<noderef id="tr_pick_a_5"/>
				<noderef id="tr_pick_a_6"/>
				<noderef id="tr_pick_a_7"/>
				<noderef id="tr_pick_a_8"/>
			</children>
		</node>
			<node id="tr_pick_a_1" pickingid="211">
				<transforms>
				</transforms>
				<appearanceref id="cbble_appPecaAzul"/>
				<children>
					<noderef id="trianguloBase"/>
				</children>
			</node>

			<node id="tr_pick_a_2" pickingid="212">
				<transforms>
					<rotate axis="y" angle="45"/>
				</transforms>
				<appearanceref id="cbble_appPecaAzul"/>
				<children>
					<noderef id="trianguloBase"/>
				</children>
			</node>

			<node id="tr_pick_a_3" pickingid="213">
				<transforms>
					<rotate axis="y" angle="90"/>
				</transforms>
				<appearanceref id="cbble_appPecaAzul"/>
				<children>
					<noderef id="trianguloBase"/>
				</children>
			</node>

			<node id="tr_pick_a_4" pickingid="214">
				<transforms>
					<rotate axis="y" angle="135"/>
				</transforms>
				<appearanceref id="cbble_appPecaAzul"/>
				<children>
					<noderef id="trianguloBase"/>
				</children>
			</node>

			<node id="tr_pick_a_5" pickingid="215">
				<transforms>
					<rotate axis="y" angle="180"/>
				</transforms>
				<appearanceref id="cbble_appPecaAzul"/>
				<children>
					<noderef id="trianguloBase"/>
				</children>
			</node>

			<node id="tr_pick_a_6" pickingid="216">
				<transforms>
					<rotate axis="y" angle="225"/>
				</transforms>
				<appearanceref id="cbble_appPecaAzul"/>
				<children>
					<noderef id="trianguloBase"/>
				</children>
			</node>

			<node id="tr_pick_a_7" pickingid="217">
				<transforms>
					<rotate axis="y" angle="270"/>
				</transforms>
				<appearanceref id="cbble_appPecaAzul"/>
				<children>
					<noderef id="trianguloBase"/>
				</children>
			</node>

			<node id="tr_pick_a_8" pickingid="218">
				<transforms>
					<rotate axis="y" angle="315"/>
				</transforms>
				<appearanceref id="cbble_appPecaAzul"/>
				<children>
					<noderef id="trianguloBase"/>
				</children>
			</node>

			<node id="tr_pick1" pickingid="221">
				<transforms>
				</transforms>
				<appearanceref id="appPecaVermelha"/>
				<children>
					<noderef id="trianguloBase"/>
				</children>
			</node>

			<node id="tr_pick2" pickingid="222">
				<transforms>
					<rotate axis="y" angle="45"/>
				</transforms>
				<appearanceref id="appPecaVermelha"/>
				<children>
					<noderef id="trianguloBase"/>
				</children>
			</node>

			<node id="tr_pick3" pickingid="223">
				<transforms>
					<rotate axis="y" angle="90"/>
				</transforms>
				<appearanceref id="appPecaVermelha"/>
				<children>
					<noderef id="trianguloBase"/>
				</children>
			</node>

			<node id="tr_pick4" pickingid="224">
				<transforms>
					<rotate axis="y" angle="135"/>
				</transforms>
				<appearanceref id="appPecaVermelha"/>
				<children>
					<noderef id="trianguloBase"/>
				</children>
			</node>

			<node id="tr_pick5" pickingid="225">
				<transforms>
					<rotate axis="y" angle="180"/>
				</transforms>
				<appearanceref id="appPecaVermelha"/>
				<children>
					<noderef id="trianguloBase"/>
				</children>
			</node>

			<node id="tr_pick6" pickingid="226">
				<transforms>
					<rotate axis="y" angle="225"/>
				</transforms>
				<appearanceref id="appPecaVermelha"/>
				<children>
					<noderef id="trianguloBase"/>
				</children>
			</node>

			<node id="tr_pick7" pickingid="227">
				<transforms>
					<rotate axis="y" angle="270"/>
				</transforms>
				<appearanceref id="appPecaVermelha"/>
				<children>
					<noderef id="trianguloBase"/>
				</children>
			</node>

			<node id="tr_pick8" pickingid="228">
				<transforms>
					<rotate axis="y" angle="315"/>
				</transforms>
				<appearanceref id="appPecaVermelha"/>
				<children>
					<noderef id="trianguloBase"/>
				</children>
			</node>
<!--
		<node id="tampaCaixa">
			<transforms>
				<translate to="0 0.51 0"/>
				<rotate axis="x" angle="90"/>
				
			</transforms>
			<appearanceref id="appTampaCaixaProngs"/>
			<children>
				<rectangle xy1="-0.4 -0.4" xy2="0.4 0.4" />
			</children>
		</node>

		<node id="corpoCaixaAzul">
			<transforms>
			</transforms>
				<appearanceref id="appPecaAzul"/>
			<children>
				<noderef id="cube"/>
			</children>
		</node>

		<node id="caixaComProngsAzuis" pickingid="18">
			<transforms>
				<translate to="3 0 7.5"/>
				<scale factor="4 1 2"/>
			</transforms>
			<children>
				<noderef id="corpoCaixaAzul"/>
				<noderef id="tampaCaixa"/>
			</children>
		</node>


		<node id="corpoCaixaVermelha">
			<transforms>
			</transforms>
				<appearanceref id="appPecaVermelha"/>
			<children>
				<noderef id="cube"/>
			</children>
		</node>

		<node id="caixaComProngsVermelhos" pickingid="28">
			<transforms>
				<translate to="-3 0 -7.5"/>
				<scale factor="4 1 2"/>
			</transforms>
			<children>
				<noderef id="corpoCaixaVermelha"/>
				<noderef id="tampaCaixa"/>
			</children>
		</node>

		
		

-->

		<node id="prongReferenciaVermelho">
			<transforms>
				<translate to="50 0 50"/>
			</transforms>
			<children>
				<noderef id="prongReferencia"/>	
			</children>
		</node>


		<node id="prongReferenciaAzul">
			<transforms>
				<translate to="50 0 50"/>
			</transforms>
			<children>
				<noderef id="prongReferencia"/>	
			</children>
		</node>


		<node id="prongVermelhoNorte" >
			
			<transforms>
				<translate to="50 0 50"/>
				<translate to="0.3 0 0"/>
			</transforms>
			<children>
				<noderef id="prongReferencia"/>
			</children>
		</node>

		<node id="prongVermelhoNordeste">

			<transforms>
				<translate to="50 0 50"/>
				<translate to="0.15 0 0.15"/>
				<rotate axis="y" angle="-45"/>
			</transforms>
			<children>
				<noderef id="prongReferencia"/>	
			</children>
		</node>

		<node id="prongVermelhoEste">
		
			<transforms>
				<translate to="50 0 50"/>
				<translate to="0 0 0.3"/>
				<rotate axis="y" angle="-90"/>
			</transforms>
			<children>
				<noderef id="prongReferencia"/>		
			</children>
		</node>

		<node id="prongVermelhoSudeste">
			
			<transforms>
				<translate to="50 0 50"/>
				<translate to="-0.15 0 0.15"/>
				<rotate axis="y" angle="-135"/>
			</transforms>
			<children>
				<noderef id="prongReferencia"/>	
			</children>
		</node>
		

		<node id="prongVermelhoSul">
		
			<transforms>
				<translate to="50 0 50"/>
				<translate to="-0.3 0 0"/>
				<rotate axis="y" angle="180"/>
			</transforms>
			<children>
				<noderef id="prongReferencia"/>	
			</children>
		</node>

		<node id="prongVermelhoSudoeste">
		
			<transforms>
				<translate to="50 0 50"/>
				<translate to="-0.15 0 -0.15"/>
				<rotate axis="y" angle="135"/>
			</transforms>
			<children>
				<noderef id="prongReferencia"/>	
			</children>
		</node>

		<node id="prongVermelhoOeste">
	
			<transforms>
				<translate to="50 0 50"/>
				<translate to="0 0 -0.3"/>
				<rotate axis="y" angle="90"/>
			</transforms>
			<children>
				<noderef id="prongReferencia"/>	
			</children>
		</node>

		<node id="prongVermelhoNoroeste">
		
			<transforms>
				<translate to="50 0 50"/>
				<translate to="0.15 0 -0.15"/>
				<rotate axis="y" angle="45"/>
			</transforms>
			<children>
				<noderef id="prongReferencia"/>	
			</children>
		</node>

		<node id="prongAzulNorte">

			<transforms>
				<translate to="50 0 50"/>
				<translate to="-0.3 0 0"/>
				<rotate axis="y" angle="180"/>
			</transforms>
			<children>
				<noderef id="prongReferencia"/>	
			</children>
		</node>

		<node id="prongAzulNordeste">
		
			<transforms>
				<translate to="50 0 50"/>
				<translate to="-0.15 0 -0.15"/>
				<rotate axis="y" angle="135"/>
			</transforms>
			<children>
				<noderef id="prongReferencia"/>	
			</children>
		</node>

		<node id="prongAzulEste">

			<transforms>
				<translate to="50 0 50"/>
				<translate to="0 0 -0.3"/>
				<rotate axis="y" angle="90"/>
			</transforms>
			<children>
				<noderef id="prongReferencia"/>	
			</children>
		</node>

		<node id="prongAzulSudeste">
			

			<transforms>
				<translate to="50 0 50"/>
				<translate to="0.15 0 -0.15"/>
				<rotate axis="y" angle="45"/>
			</transforms>
			<children>
				<noderef id="prongReferencia"/>	
			</children>
		</node>


		<node id="prongAzulSul">
		
			<transforms>
				<translate to="50 0 50"/>
				<translate to="0.3 0 0"/>
			</transforms>
			<children>
				<noderef id="prongReferencia"/>	
			</children>
		</node>

		<node id="prongAzulSudoeste">
	
			<transforms>
				<translate to="50 0 50"/>
				<translate to="0.15 0 0.15"/>
				<rotate axis="y" angle="-45"/>
			</transforms>
			<children>
				<noderef id="prongReferencia"/>	
			</children>
		</node>

		<node id="prongAzulOeste">

			<transforms>
				<translate to="50 0 50"/>
				<translate to="0 0 0.3"/>
				<rotate axis="y" angle="-90"/>
			</transforms>
			<children>
				<noderef id="prongReferencia"/>	
			</children>
		</node>


		<node id="prongAzulNoroeste">
	
			<transforms>
				<translate to="50 0 50"/>
				<translate to="-0.15 0 0.15"/>
				<rotate axis="y" angle="-135"/>
			</transforms>
			<children>
				<noderef id="prongReferencia"/>	
			</children>
		</node>



		<node id="prongReferencia">
			<transforms>
				<scale factor="0.4 0.4 0.4"/>
				<translate to="0 2 0"/>
				<rotate axis="x" angle="90"/>
				
			</transforms>
			<children>
				<noderef id="haste"/>
				<noderef id="bandeira"/>
			</children>
		</node>

		<node id="bandeira">
			<transforms>
				<rotate axis="x" angle="90"/>
			</transforms>
			<appearanceref id="appMotivadora"/>
			<children>
				<rectangle xy1="0 0" xy2="0.75 0.5" />
			</children>
		</node>

		<node id="haste">
			<transforms>
			</transforms>
			<appearanceref id="appCopo"/>
			<children>
				<cylinder base="0.1" top="0.1" height="2" slices="5" stacks="8" />
			</children>
		</node>

		<node id="tabuleiro">
			<transforms>
				<!-- <scale factor="2 1 2"/> <!-- MAIOR AQUI -->
				<!-- <translate to="0 1 0"/> -->
			</transforms>
			<children>
				<noderef id="celulainicial"/>

				<noderef id="celula11"/>
				<noderef id="celula12"/>
				<noderef id="celula13"/>
				<noderef id="celula14"/>
				<noderef id="celula15"/>
				<noderef id="celula16"/>
				<noderef id="celula17"/>

				<noderef id="celula21"/>
				<noderef id="celula22"/>
				<noderef id="celula23"/>
				<noderef id="celula24"/>
				<noderef id="celula25"/>
				<noderef id="celula26"/>
				<noderef id="celula27"/>

				<noderef id="celula31"/>
				<noderef id="celula32"/>
				<noderef id="celula33"/>
				<noderef id="celula34"/>
				<noderef id="celula35"/>
				<noderef id="celula36"/>
				<noderef id="celula37"/>

				<noderef id="celula41"/>
				<noderef id="celula42"/>
				<noderef id="celula43"/>
				<noderef id="celula44"/>
				<noderef id="celula45"/>
				<noderef id="celula46"/>
				<noderef id="celula47"/>

				<noderef id="celula51"/>
				<noderef id="celula52"/>
				<noderef id="celula53"/>
				<noderef id="celula54"/>
				<noderef id="celula55"/>
				<noderef id="celula56"/>
				<noderef id="celula57"/>

				<noderef id="celula61"/>
				<noderef id="celula62"/>
				<noderef id="celula63"/>
				<noderef id="celula64"/>
				<noderef id="celula65"/>
				<noderef id="celula66"/>
				<noderef id="celula67"/>

				<noderef id="celula71"/>
				<noderef id="celula72"/>
				<noderef id="celula73"/>
				<noderef id="celula74"/>
				<noderef id="celula75"/>
				<noderef id="celula76"/>
				<noderef id="celula77"/>

				<noderef id="base"/>
			</children>
		</node>

		<node id="base">
			<transforms>
				<scale factor="10.5 1 10.5"/>
				<translate to="0 -0.55 0"/>
			</transforms>
			<appearanceref id="appTable"/>
			<children>
				<noderef id="cube"/>
			</children>
		</node>
		     
		<node id="pods">
			<transforms >
				<!-- <scale factor="2 1 2"/> <!-- MAIOR AQUI -->
				<!-- <translate to="0 1 0"/> -->
			</transforms>
			<children>
				<noderef id="podReferenciaVermelha"/>
				<noderef id="podReferenciaAzul"/>
				<noderef id="podr1"/>
				<noderef id="podr2"/>
				<noderef id="podr3"/>
				<noderef id="podr4"/>
				<noderef id="podr5"/>
				<noderef id="podr6"/>
				<noderef id="podr7"/>
				<noderef id="podb1"/>
				<noderef id="podb2"/>
				<noderef id="podb3"/>
				<noderef id="podb4"/>
				<noderef id="podb5"/>
				<noderef id="podb6"/>
				<noderef id="podb7"/>
			</children>
		</node>

		<node id="podReferenciaVermelha">
			<transforms>
				<translate to="50 0 50"/>
			</transforms>
			<children>
				<noderef id="triangulo1"/>
				<noderef id="triangulo2"/>
				<noderef id="triangulo3"/>
				<noderef id="triangulo4"/>
				<noderef id="triangulo5"/>
				<noderef id="triangulo6"/>
				<noderef id="triangulo7"/>
				<noderef id="triangulo8"/>
				<noderef id="basePecaVermelha"/>
			</children>
		</node>

		<node id="podReferenciaAzul">
			<transforms>
				<translate to="50 0 50"/>
			</transforms>
			<children>
				<noderef id="triangulo1"/>
				<noderef id="triangulo2"/>
				<noderef id="triangulo3"/>
				<noderef id="triangulo4"/>
				<noderef id="triangulo5"/>
				<noderef id="triangulo6"/>
				<noderef id="triangulo7"/>
				<noderef id="triangulo8"/>
				<noderef id="basePecaAzul"/>
			</children>
		</node>

		<!-- Pods Azuis-->
				<node id="podb1" pickingid="13">
					<transforms>
						<translate to="-50 0 -50"/>
						<translate to="3 1.1 3"/>
					</transforms>
					<appearanceref id="appPecaAzul"/>
					<highlightApp id="appHighlightPeca"/>
					<children>
						
						<noderef id="podReferenciaAzul"/>
					</children>
				</node>

				<node id="podb2" pickingid="12">
					<transforms>
						<translate to="-50 0 -50"/>
						<translate to="3 1.1 0"/>
					</transforms>
					<appearanceref id="appPecaAzul"/>
					<highlightApp id="appHighlightPeca"/>
					<children>
			
						<noderef id="podReferenciaAzul"/>
					</children>
				</node>

				<node id="podb3" pickingid="11">
					<transforms>
						<translate to="-50 0 -50"/>
						<translate to="3 1.1 -3"/>
					</transforms>
					<appearanceref id="appPecaAzul"/>
					<highlightApp id="appHighlightPeca"/>
					<children>
					
						<noderef id="podReferenciaAzul"/>
					</children>
				</node>

				<node id="podb4" pickingid="14">
					<transforms>
						<translate to="-50 0 -50"/>
						<translate to="1 0 -7.25"/>
					</transforms>
					<appearanceref id="appPecaAzul"/>
					<highlightApp id="appHighlightPeca"/>
					<children>
						<noderef id="podReferenciaAzul"/>
					</children>
				</node>

				<node id="podb5" pickingid="15">
					<transforms>
						<translate to="-50 0 -50"/>
						<translate to="2 0 -7.25"/>
					</transforms>
					<appearanceref id="appPecaAzul"/>
					<highlightApp id="appHighlightPeca"/>
					<children>
						<noderef id="podReferenciaAzul"/>
					</children>
				</node>

				<node id="podb6" pickingid="16">
					<transforms>
						<translate to="-50 0 -50"/>
						<translate to="3 0 -7.25"/>
					</transforms>
					<appearanceref id="appPecaAzul"/>
					<highlightApp id="appHighlightPeca"/>
					<children>
						<noderef id="podReferenciaAzul"/>
					</children>
				</node>
		
				<node id="podb7" pickingid="17">
					<transforms>
						<translate to="-50 0 -50"/>
						<translate to="4 0 -7.25"/>
					</transforms>
					<appearanceref id="appPecaAzul"/>
					<highlightApp id="appHighlightPeca"/>
					<children>
						<noderef id="podReferenciaAzul"/>
					</children>
				</node>

		<!-- PODS VERMELHOS -->

				<node id="podr1" pickingid="23">
					<transforms>
						<translate to="-50 0 -50"/>
						<translate to="-3 1.1 3"/>
					</transforms>
					<appearanceref id="appPecaVermelha"/>
					<highlightApp id="appHighlightPeca"/>
					<children>
						<noderef id="podReferenciaVermelha"/>
				
					
					</children>
				</node>

				<node id="podr2" pickingid="22">
					<transforms>
						<translate to="-50 0 -50"/>
						<translate to="-3 1.1 0"/>
					</transforms>
					<appearanceref id="appPecaVermelha"/>
					<highlightApp id="appHighlightPeca"/>
					<children>
						<noderef id="podReferenciaVermelha"/>
			
					</children>
				</node>

				<node id="podr3" pickingid="21">
					<transforms>
						<translate to="-50 0 -50"/>
						<translate to="-3 1.1 -3"/>
					</transforms>
					<appearanceref id="appPecaVermelha"/>
					<highlightApp id="appHighlightPeca"/>
					<children>
						<noderef id="podReferenciaVermelha"/>
					</children>
				</node>

				<node id="podr4" pickingid="24">
					<transforms>
						<translate to="-50 0 -50"/>
						<translate to="-1 0 7.25"/>
					</transforms>
					<appearanceref id="appPecaVermelha"/>
					<highlightApp id="appHighlightPeca"/>
					<children>
						<noderef id="podReferenciaVermelha"/>
					</children>
				</node>

				<node id="podr5" pickingid="25">
					<transforms>
						<translate to="-50 0 -50"/>
						<translate to="-2 0 7.25"/>
					</transforms>
					<appearanceref id="appPecaVermelha"/>
					<highlightApp id="appHighlightPeca"/>
					<children>
						<noderef id="podReferenciaVermelha"/>
					</children>
				</node>

				<node id="podr6" pickingid="26">
					<transforms>
						<translate to="-50 0 -50"/>
						<translate to="-3 0 7.25"/>
					</transforms>
					<appearanceref id="appPecaVermelha"/>
					<highlightApp id="appHighlightPeca"/>
					<children>
						<noderef id="podReferenciaVermelha"/>
					</children>
				</node>

				<node id="podr7" pickingid="27">
					<transforms>
						<translate to="-50 0 -50"/>
						<translate to="-4 0 7.25"/>
					</transforms>
					<appearanceref id="appPecaVermelha"/>
					<highlightApp id="appHighlightPeca"/>
					<children>
						<noderef id="podReferenciaVermelha"/>
					</children>
				</node>

		<!-- BASES de pecas-->
				<node id="basePecaVermelha">
					<transforms>
						<rotate angle="90" axis="x"/>
					</transforms>
					<children>
						<cylinder base="0.5" top="0.5" height="1" slices="8" stacks="8" />
					</children>
				</node>

				<node id="basePecaAzul">
					<transforms>
						<rotate angle="90" axis="x"/>
					</transforms>
					<children>
						<cylinder base="0.5" top="0.5" height="1" slices="8" stacks="8" />
					</children>
				</node>
					
		<!-- Consituinte te um pod -->

				<node id="triangulo1">
					<transforms>
					</transforms>
					<children>
						<noderef id="trianguloBase"/>
					</children>
				</node>

				<node id="triangulo2">
					<transforms>
						<rotate axis="y" angle="45"/>
					</transforms>
					<children>
						<noderef id="trianguloBase"/>
					</children>
				</node>

				<node id="triangulo3">
					<transforms>
						<rotate axis="y" angle="90"/>
					</transforms>
					<children>
						<noderef id="trianguloBase"/>
					</children>
				</node>

				<node id="triangulo4">
					<transforms>
						<rotate axis="y" angle="135"/>
					</transforms>
					<children>
						<noderef id="trianguloBase"/>
					</children>
				</node>

				<node id="triangulo5">
					<transforms>
						<rotate axis="y" angle="180"/>
					</transforms>
					<children>
						<noderef id="trianguloBase"/>
					</children>
				</node>

				<node id="triangulo6">
					<transforms>
						<rotate axis="y" angle="225"/>
					</transforms>
					<children>
						<noderef id="trianguloBase"/>
					</children>
				</node>

			<node id="triangulo7">
				<transforms>
					<rotate axis="y" angle="270"/>
				</transforms>
				<children>
					<noderef id="trianguloBase"/>
				</children>
			</node>

			<node id="triangulo8">
				<transforms>
					<rotate axis="y" angle="315"/>
				</transforms>
				<children>
					<noderef id="trianguloBase"/>
				</children>
			</node>

		<node id="trianguloBase">
			<transforms>
			</transforms>
			<children>
				<triangle xyz1="0.0 0.0 0.0" xyz2="0.5 0.0 0.0" xyz3="0.35356 0.0 0.35356"/>
			</children>
		</node>

		<node id="celulainicial">
			<transforms>
				<rotate axis="x" angle="-90"/>
			</transforms>
			<children>
				<rectangle xy1="-0.75 -0.75" xy2="0.75 0.75" />
			</children>
		</node>

		<!------------->
		<!-- LINHA 1 -->
		<!------------->

		<node id="celula11" pickingid="111">
			<transforms>
				<translate to="4.5 0 -4.5"/>
			</transforms>
			<appearanceref id="appNormal" />
			<children>
				<noderef id="celulainicial"/>
			</children>
		</node>

		<node id="celula12" pickingid="112">
			<transforms>
				<translate to="4.5 0 -3.0"/>
			</transforms>
			<appearanceref id="appNormal" />
			<children>
				<noderef id="celulainicial"/>
			</children>
		</node>

		<node id="celula13" pickingid="113">
			<transforms>
				<translate to="4.5 0 -1.5"/>
			</transforms>
			<appearanceref id="appNormal" />
			<children>
				<noderef id="celulainicial"/>
			</children>
		</node>

		<node id="celula14" pickingid="114">
			<transforms>
				<translate to="4.5 0 0"/>
			</transforms>
			<appearanceref id="appNormal" />
			<children>
				<noderef id="celulainicial"/>
			</children>
		</node>

		<node id="celula15" pickingid="115">
			<transforms>
				<translate to="4.5 0 1.5"/>
			</transforms>
			<appearanceref id="appNormal" />
			<children>
				<noderef id="celulainicial"/>
			</children>
		</node>

		<node id="celula16" pickingid="116">
			<transforms>
				<translate to="4.5 0 3.0"/>
			</transforms>
			<appearanceref id="appNormal" />
			<children>
				<noderef id="celulainicial"/>
			</children>
		</node>

		<node id="celula17" pickingid="117">
			<transforms>
				<translate to="4.5 0 4.5"/>
			</transforms>
			<appearanceref id="appNormal" />
			<children>
				<noderef id="celulainicial"/>
			</children>
		</node>

		<!------------->
		<!-- LINHA 2 -->
		<!------------->

		<node id="celula21" pickingid="121">
			<transforms>
				<translate to="3.0 0 -4.5"/>
			</transforms>
			<appearanceref id="appNormal" />
			<children>
				<noderef id="celulainicial"/>
			</children>
		</node>

		<node id="celula22" pickingid="122">
			<transforms>
				<translate to="3.0 0 -3.0"/>
			</transforms>
			<appearanceref id="appOcti" />
			<children>
				<noderef id="celulainicial"/>
			</children>
		</node>

		<node id="celula23" pickingid="123">
			<transforms>
				<translate to="3.0 0 -1.5"/>
			</transforms>
			<appearanceref id="appNormal" />
			<children>
				<noderef id="celulainicial"/>
			</children>
		</node>

		<node id="celula24" pickingid="124">
			<transforms>
				<translate to="3.0 0 0"/>
			</transforms>
			<appearanceref id="appOcti" />
			<children>
				<noderef id="celulainicial"/>
			</children>
		</node>

		<node id="celula25" pickingid="125">
			<transforms>
				<translate to="3.0 0 1.5"/>
			</transforms>
			<appearanceref id="appNormal" />
			<children>
				<noderef id="celulainicial"/>
			</children>
		</node>

		<node id="celula26" pickingid="126">
			<transforms>
				<translate to="3.0 0 3.0"/>
			</transforms>
			<appearanceref id="appOcti" />
			<children>
				<noderef id="celulainicial"/>
			</children>
		</node>

		<node id="celula27" pickingid="127">
			<transforms>
				<translate to="3.0 0 4.5"/>
			</transforms>
			<appearanceref id="appNormal" />
			<children>
				<noderef id="celulainicial"/>
			</children>
		</node>


		<!------------->
		<!-- LINHA 3 -->
		<!------------->

		<node id="celula31" pickingid="131">
			<transforms>
				<translate to="1.5 0 -4.5"/>
			</transforms>
			<appearanceref id="appNormal" />
			<children>
				<noderef id="celulainicial"/>
			</children>
		</node>

		<node id="celula32" pickingid="132">
			<transforms>
				<translate to="1.5 0 -3.0"/>
			</transforms>
			<appearanceref id="appNormal" />
			<children>
				<noderef id="celulainicial"/>
			</children>
		</node>

		<node id="celula33" pickingid="133">
			<transforms>
				<translate to="1.5 0 -1.5"/>
			</transforms>
			<appearanceref id="appNormal" />
			<children>
				<noderef id="celulainicial"/>
			</children>
		</node>

		<node id="celula34" pickingid="134">
			<transforms>
				<translate to="1.5 0 0"/>
			</transforms>
			<appearanceref id="appNormal" />
			<children>
				<noderef id="celulainicial"/>
			</children>
		</node>

		<node id="celula35" pickingid="135">
			<transforms>
				<translate to="1.5 0 1.5"/>
			</transforms>
			<appearanceref id="appNormal" />
			<children>
				<noderef id="celulainicial"/>
			</children>
		</node>

		<node id="celula36" pickingid="136">
			<transforms>
				<translate to="1.5 0 3.0"/>
			</transforms>
			<appearanceref id="appNormal" />
			<children>
				<noderef id="celulainicial"/>
			</children>
		</node>

		<node id="celula37" pickingid="137">
			<transforms>
				<translate to="1.5 0 4.5"/>
			</transforms>
			<appearanceref id="appNormal" />
			<children>
				<noderef id="celulainicial"/>
			</children>
		</node>

		<!------------------------->
		<!-- LINHA 4 -- CENTRAL! -->
		<!------------------------->

		<node id="celula41" pickingid="141">
			<transforms>
				<translate to="0 0 -4.5"/>
			</transforms>
			<appearanceref id="appNormal" />
			<children>
				<noderef id="celulainicial"/>
			</children>
		</node>

		<node id="celula42" pickingid="142">
			<transforms>
				<translate to="0 0 -3.0"/>
			</transforms>
			<appearanceref id="appNormal" />
			<children>
				<noderef id="celulainicial"/>
			</children>
		</node>

		<node id="celula43" pickingid="143">
			<transforms>
				<translate to="0 0 -1.5"/>
			</transforms>
			<appearanceref id="appNormal" />
			<children>
				<noderef id="celulainicial"/>
			</children>
		</node>

		<node id="celula44" pickingid="144">
			<transforms>
			</transforms>
			<appearanceref id="appNormal" />
			<children>
				<noderef id="celulainicial"/>
			</children>
		</node>

		<node id="celula45" pickingid="145">
			<transforms>
				<translate to="0 0 1.5"/>
			</transforms>
			<appearanceref id="appNormal" />
			<children>
				<noderef id="celulainicial"/>
			</children>
		</node>

		<node id="celula46" pickingid="146">
			<transforms>
				<translate to="0 0 3.0"/>
			</transforms>
			<appearanceref id="appNormal" />
			<children>
				<noderef id="celulainicial"/>
			</children>
		</node>

		<node id="celula47" pickingid="147">
			<transforms>
				<translate to="0 0 4.5"/>
			</transforms>
			<appearanceref id="appNormal" />
			<children>
				<noderef id="celulainicial"/>
			</children>
		</node>

		<!------------->
		<!-- LINHA 5 -->
		<!------------->

		<node id="celula51" pickingid="151">
			<transforms>
				<translate to="-1.5 0 -4.5"/>
			</transforms>
			<appearanceref id="appNormal" />
			<children>
				<noderef id="celulainicial"/>
			</children>
		</node>

		<node id="celula52" pickingid="152">
			<transforms>
				<translate to="-1.5 0 -3.0"/>
			</transforms>
			<appearanceref id="appNormal" />
			<children>
				<noderef id="celulainicial"/>
			</children>
		</node>

		<node id="celula53" pickingid="153">
			<transforms>
				<translate to="-1.5 0 -1.5"/>
			</transforms>
			<appearanceref id="appNormal" />
			<children>
				<noderef id="celulainicial"/>
			</children>
		</node>

		<node id="celula54" pickingid="154">
			<transforms>
				<translate to="-1.5 0 0"/>
			</transforms>
			<appearanceref id="appNormal" />
			<children>
				<noderef id="celulainicial"/>
			</children>
		</node>

		<node id="celula55" pickingid="155">
			<transforms>
				<translate to="-1.5 0 1.5"/>
			</transforms>
			<appearanceref id="appNormal" />
			<children>
				<noderef id="celulainicial"/>
			</children>
		</node>

		<node id="celula56" pickingid="156">
			<transforms>
				<translate to="-1.5 0 3.0"/>
			</transforms>
			<appearanceref id="appNormal" />
			<children>
				<noderef id="celulainicial"/>
			</children>
		</node>

		<node id="celula57" pickingid="157">
			<transforms>
				<translate to="-1.5 0 4.5"/>
			</transforms>
			<appearanceref id="appNormal" />
			<children>
				<noderef id="celulainicial"/>
			</children>
		</node>

		<!------------->
		<!-- LINHA 6 -->
		<!------------->

		<node id="celula61" pickingid="161">
			<transforms>
				<translate to="-3.0 0 -4.5"/>
			</transforms>
			<appearanceref id="appNormal" />
			<children>
				<noderef id="celulainicial"/>
			</children>
		</node>

		<node id="celula62" pickingid="162">
			<transforms>
				<translate to="-3.0 0 -3.0"/>
			</transforms>
			<appearanceref id="appOcti" />
			<children>
				<noderef id="celulainicial"/>
			</children>
		</node>

		<node id="celula63" pickingid="163">
			<transforms>
				<translate to="-3.0 0 -1.5"/>
			</transforms>
			<appearanceref id="appNormal" />
			<children>
				<noderef id="celulainicial"/>
			</children>
		</node>

		<node id="celula64" pickingid="164">
			<transforms>
				<translate to="-3.0 0 0"/>
			</transforms>
			<appearanceref id="appOcti" />
			<children>
				<noderef id="celulainicial"/>
			</children>
		</node>

		<node id="celula65" pickingid="165">
			<transforms>
				<translate to="-3.0 0 1.5"/>
			</transforms>
			<appearanceref id="appNormal" />
			<children>
				<noderef id="celulainicial"/>
			</children>
		</node>

		<node id="celula66" pickingid="166">
			<transforms>
				<translate to="-3.0 0 3.0"/>
			</transforms>
			<appearanceref id="appOcti" />
			<children>
				<noderef id="celulainicial"/>
			</children>
		</node>

		<node id="celula67" pickingid="167">
			<transforms>
				<translate to="-3.0 0 4.5"/>
			</transforms>
			<appearanceref id="appNormal" />
			<children>
				<noderef id="celulainicial"/>
			</children>
		</node>

		<!------------->
		<!-- LINHA 7 -->
		<!------------->

		<node id="celula71" pickingid="171">
			<transforms>
				<translate to="-4.5 0 -4.5"/>
			</transforms>
			<appearanceref id="appNormal" />
			<children>
				<noderef id="celulainicial"/>
			</children>
		</node>

		<node id="celula72" pickingid="172">
			<transforms>
				<translate to="-4.5 0 -3.0"/>
			</transforms>
			<appearanceref id="appNormal" />
			<children>
				<noderef id="celulainicial"/>
			</children>
		</node>

		<node id="celula73" pickingid="173">
			<transforms>
				<translate to="-4.5 0 -1.5"/>
			</transforms>
			<appearanceref id="appNormal" />
			<children>
				<noderef id="celulainicial"/>
			</children>
		</node>

		<node id="celula74" pickingid="174">
			<transforms>
				<translate to="-4.5 0 0"/>
			</transforms>
			<appearanceref id="appNormal" />
			<children>
				<noderef id="celulainicial"/>
			</children>
		</node>

		<node id="celula75" pickingid="175">
			<transforms>
				<translate to="-4.5 0 1.5"/>
			</transforms>
			<appearanceref id="appNormal" />
			<children>
				<noderef id="celulainicial"/>
			</children>
		</node>

		<node id="celula76" pickingid="176">
			<transforms>
				<translate to="-4.5 0 3.0"/>
			</transforms>
			<appearanceref id="appNormal" />
			<children>
				<noderef id="celulainicial"/>
			</children>
		</node>

		<node id="celula77" pickingid="177">
			<transforms>
				<translate to="-4.5 0 4.5"/>
			</transforms>
			<appearanceref id="appNormal" />
			<children>
				<noderef id="celulainicial"/>
			</children>
		</node>


		<node id="cube"> 
            <transforms>  
            </transforms>             
            <children> 
			    <noderef id="myUnitCube_frontFace" />
			    <noderef id="myUnitCube_rightFace" /> 
			    <noderef id="myUnitCube_backFace"  /> 
			    <noderef id="myUnitCube_leftFace"  /> 
			    <noderef id="myUnitCube_topFace"   /> 
			    <noderef id="myUnitCube_downFace"  />  
            </children> 
        </node> 
 
  <!-- Nomes das faces do cubo "dados" como se o 
  observador estivesse sobre o eixo positivo do z
  a olhar para a origem -->
  
        <node id="myUnitCube_frontFace">
                <transforms>
                   <translate to="0.0 0.0 0.5" /> 
                </transforms>
                <children>
                  <rectangle xy1="-0.5 -0.5" xy2="0.5 0.5" /> 
                </children>
        </node>
  
  		<node id="myUnitCube_rightFace">
                <transforms>
                    <translate to="0.5 0.0 0.0" />
                    <rotate axis="y" angle="90" />
                </transforms>
                <children>
                  <rectangle xy1="-0.5 -0.5" xy2="0.5 0.5" />
                </children>
        </node>
   
  		<node id="myUnitCube_backFace">
                <transforms>
                    <translate to="0.0 0.0 -0.5" />
                    <rotate axis="y" angle="180" />
                </transforms>
                <children>
                  <rectangle xy1="-0.5 -0.5" xy2="0.5 0.5" />
                </children>
        </node>
   
  		<node id="myUnitCube_leftFace">
                <transforms>
                    <translate to="-0.5 0.0 0.0" />
                    <rotate axis="y" angle="-90" />
                </transforms>
                <children>
                  <rectangle xy1="-0.5 -0.5" xy2="0.5 0.5" />
                </children>
        </node>
   
 		<node id="myUnitCube_topFace">
                <transforms>
                    <translate to="0.0 0.5 0.0" /> 
               <rotate axis="x" angle="-90" />
                </transforms>
                <children>
                  <rectangle xy1="-0.5 -0.5" xy2="0.5 0.5" />
                </children>
         </node>
   
  		<node id="myUnitCube_downFace">
                <transforms>
                    <translate to="0.0 -0.5 0.0" /> 
               		<rotate axis="x" angle="90" />
                </transforms>
                <children>
                  <rectangle xy1="-0.5 -0.5" xy2="0.5 0.5" />
                </children>
         </node>

	</graph>
</yaf>
